{"cameraMode":{"drawMode":0,"name":"Shaded","section":"Shading Mode"},"sceneLighting":true,"audioPlay":false,"sceneViewState":{"m_AlwaysRefresh":false,"showFog":true,"showSkybox":true,"showFlares":true,"showImageEffects":true,"showParticleSystems":true,"showVisualEffectGraphs":true,"m_FxEnabled":true},"in2DMode":false,"pivot":{"x":22.060386657714845,"y":-1.9267501831054688,"z":-1.7196080684661866},"rotation":{"x":0.06031953915953636,"y":0.7072647213935852,"z":-0.06088413670659065,"w":0.7017579078674316},"size":20.720651626586915,"orthographic":false}